{"stats":{"minecraft:custom":{"minecraft:time_since_rest":6505,"minecraft:sprint_one_cm":39087,"minecraft:damage_taken":1329,"minecraft:walk_one_cm":31476,"minecraft:mob_kills":4,"minecraft:drop":17,"minecraft:damage_dealt":111,"minecraft:fly_one_cm":93850,"minecraft:crouch_one_cm":117,"minecraft:play_time":14424,"minecraft:deaths":4,"minecraft:sneak_time":46,"minecraft:jump":278,"minecraft:damage_dealt_resisted":41,"minecraft:leave_game":1,"minecraft:time_since_death":6467,"minecraft:total_world_time":14424,"minecraft:fall_one_cm":6420},"minecraft:killed_by":{"jujutsucraft:cursed_spirit_grade_16":2,"jujutsucraft:cursed_spirit_grade_314":1,"jujutsucraft:cursed_spirit_grade_33":1},"minecraft:dropped":{"jujutsucraft:weapon_nanami":2,"jujutsucraft:cursed_technique_starter":1,"jujutsucraft:uniform_gojo_boots":1,"jujutsucraft:uniform_normal_leggings":1,"jujutsucraft:uniform_gojo_leggings":1,"gravestone:obituary":4,"jujutsucraft:blindfold_bandage_helmet":1,"jujutsucraft:clothes_nanami_leggings":1,"jujutsucraft:uniform_normal_boots":1,"jujutsucraft:clothes_nanami_helmet":1,"jujutsucraft:clothes_nanami_chestplate":1,"jujutsucraft:uniform_normal_chestplate":1,"jujutsucraft:uniform_gojo_chestplate":1},"minecraft:mined":{"minecraft:grass":5},"minecraft:used":{"jujutsucraft:uniform_normal_boots":2,"jujutsucraft:weapon_nanami":6,"jujutsucraft:blindfold_bandage_helmet":1,"jujutsucraft:uniform_gojo_leggings":2,"jujutsucraft:uniform_gojo_boots":1,"jujutsucraft:clothes_nanami_leggings":2,"jujutsucraft:uniform_normal_leggings":2,"jujutsucraft:clothes_nanami_chestplate":3,"jujutsucraft:clothes_nanami_helmet":1,"jujutsucraft:uniform_gojo_chestplate":1,"jujutsucraft:uniform_normal_chestplate":4},"minecraft:killed":{"jujutsucraft:cursed_spirit_grade_33":1,"jujutsucraft:cursed_spirit_grade_315":2},"minecraft:picked_up":{"jujutsucraft:uniform_gojo_boots":1,"jujutsucraft:uniform_normal_boots":1,"jujutsucraft:cursed_technique_changer":1,"jujutsucraft:uniform_gojo_leggings":1,"jujutsucraft:clothes_nanami_helmet":1,"jujutsucraft:uniform_normal_chestplate":1,"gravestone:obituary":3,"jujutsucraft:uniform_gojo_chestplate":1,"jujutsucraft:uniform_normal_leggings":1,"jujutsucraft:weapon_nanami":3,"jujutsucraft:cursed_technique_starter":1,"jujutsucraft:clothes_nanami_chestplate":1,"jujutsucraft:clothes_nanami_leggings":1}},"DataVersion":3465}