{"stats":{"minecraft:custom":{"minecraft:time_since_rest":6302,"lootr:looted_stat":1,"minecraft:crouch_one_cm":698,"minecraft:play_time":26381,"minecraft:sprint_one_cm":58329,"minecraft:walk_one_cm":32951,"minecraft:damage_taken":3777,"minecraft:deaths":11,"minecraft:sneak_time":200,"minecraft:mob_kills":1,"minecraft:drop":4,"minecraft:damage_dealt_resisted":0,"minecraft:jump":513,"minecraft:damage_dealt":24,"minecraft:leave_game":1,"minecraft:time_since_death":6273,"minecraft:total_world_time":26381,"minecraft:damage_resisted":0,"minecraft:fall_one_cm":15190,"minecraft:fly_one_cm":242485},"minecraft:killed_by":{"jujutsucraft:cursed_spirit_grade_04":4,"jujutsucraft:mimiko":1,"jujutsucraft:cursed_spirit_grade_23":3,"jujutsucraft:cursed_spirit_grade_16":1,"jujutsucraft:higuruma_hiromi":1,"jujutsucraft:cursed_spirit_grade_11":1},"minecraft:dropped":{"gravestone:obituary":3,"jujutsucraft:cursed_technique_starter":1},"minecraft:used":{"minecraft:item_frame":2,"minecraft:dirt":4,"jujutsucraft:uniform_normal_leggings":3,"jujutsucraft:clothes_nanami_chestplate":1,"jujutsucraft:uniform_normal_boots":2,"jujutsucraft:uniform_normal_chestplate":2,"jujutsucraft:blindfold_bandage_helmet":1},"minecraft:mined":{"gravestone:gravestone":1,"minecraft:grass":4,"minecraft:grass_block":2,"minecraft:dirt":2},"minecraft:picked_up":{"jujutsucraft:uniform_normal_leggings":2,"jujutsucraft:cursed_technique_starter":2,"jujutsucraft:clothes_nanami_chestplate":1,"jujutsucraft:uniform_normal_boots":1,"jujutsucraft:cursed_technique_changer":1,"jujutsucraft:uniform_normal_chestplate":1,"gravestone:obituary":2,"minecraft:dirt":4,"jujutsucraft:blindfold_bandage_helmet":1}},"DataVersion":3465}