{"stats":{"minecraft:picked_up":{"minecraft:crafting_table":1,"minecraft:white_carpet":1,"minecraft:redstone_torch":2,"minecraft:spruce_log":2,"minecraft:light_gray_carpet":1,"minecraft:dirt":1,"minecraft:red_bed":1},"minecraft:used":{"minecraft:redstone_torch":2,"minecraft:dirt":1,"minecraft:white_carpet":1,"minecraft:light_gray_carpet":1},"minecraft:custom":{"minecraft:time_since_rest":5966,"minecraft:crouch_one_cm":107,"minecraft:interact_with_furnace":1,"minecraft:play_time":5966,"minecraft:sprint_one_cm":12779,"minecraft:damage_taken":20,"minecraft:walk_one_cm":5478,"minecraft:sneak_time":221,"minecraft:walk_under_water_one_cm":3813,"minecraft:jump":127,"minecraft:time_since_death":5966,"minecraft:walk_on_water_one_cm":216,"minecraft:total_world_time":5966,"minecraft:swim_one_cm":1128,"minecraft:interact_with_crafting_table":1,"minecraft:fall_one_cm":2419,"minecraft:fly_one_cm":40279},"minecraft:mined":{"minecraft:short_grass":1,"minecraft:light_gray_carpet":1,"minecraft:red_bed":1,"minecraft:dirt":1,"minecraft:redstone_torch":2,"minecraft:spruce_log":2,"minecraft:white_carpet":1,"minecraft:crafting_table":1}},"DataVersion":3953}