{"stats":{"minecraft:dropped":{"jujutsucraft:cursed_technique_starter":1,"gravestone:obituary":3},"minecraft:mined":{"gravestone:gravestone":1,"minecraft:grass":4,"minecraft:grass_block":2,"minecraft:dirt":2},"minecraft:custom":{"minecraft:time_since_rest":7909,"lootr:looted_stat":1,"minecraft:sprint_one_cm":67443,"minecraft:damage_taken":3777,"minecraft:walk_one_cm":33671,"minecraft:mob_kills":1,"minecraft:drop":4,"minecraft:damage_dealt":24,"minecraft:fly_one_cm":289294,"minecraft:crouch_one_cm":698,"minecraft:play_time":27988,"minecraft:deaths":11,"minecraft:sneak_time":200,"minecraft:jump":605,"minecraft:damage_dealt_resisted":0,"minecraft:leave_game":1,"minecraft:time_since_death":7880,"minecraft:total_world_time":27988,"minecraft:damage_resisted":0,"minecraft:fall_one_cm":15190},"minecraft:killed_by":{"jujutsucraft:cursed_spirit_grade_16":1,"jujutsucraft:cursed_spirit_grade_11":1,"jujutsucraft:higuruma_hiromi":1,"jujutsucraft:cursed_spirit_grade_04":4,"jujutsucraft:mimiko":1,"jujutsucraft:cursed_spirit_grade_23":3},"minecraft:picked_up":{"jujutsucraft:blindfold_bandage_helmet":1,"jujutsucraft:uniform_normal_boots":1,"jujutsucraft:cursed_technique_changer":1,"jujutsucraft:uniform_normal_chestplate":1,"gravestone:obituary":2,"minecraft:dirt":4,"jujutsucraft:uniform_normal_leggings":2,"jujutsucraft:cursed_technique_starter":2,"jujutsucraft:clothes_nanami_chestplate":1},"minecraft:used":{"minecraft:spruce_slab":1,"jujutsucraft:uniform_normal_boots":2,"jujutsucraft:blindfold_bandage_helmet":1,"minecraft:item_frame":2,"minecraft:dirt":4,"jujutsucraft:uniform_normal_leggings":3,"jujutsucraft:clothes_nanami_chestplate":1,"jujutsucraft:uniform_normal_chestplate":2}},"DataVersion":3465}