{"stats":{"minecraft:picked_up":{"luminousworld:spuds":1,"minecraft:pumpkin":1,"friendsandfoes:totem_of_illusion":1,"minecraft:spruce_log":3,"minecraft:arrow":6,"minecraft:bone":3,"minecraft:emerald":2},"minecraft:custom":{"minecraft:time_since_rest":630,"minecraft:interact_with_furnace":1,"minecraft:sprint_one_cm":27631,"minecraft:damage_taken":992,"minecraft:walk_one_cm":25417,"minecraft:mob_kills":3,"tombstone:raider_killed":1,"minecraft:damage_dealt":761,"minecraft:swim_one_cm":1780,"minecraft:fly_one_cm":27480,"minecraft:open_chest":6,"minecraft:crouch_one_cm":884,"tombstone:undead_killed":1,"minecraft:play_time":10515,"minecraft:deaths":3,"minecraft:sneak_time":184,"minecraft:walk_under_water_one_cm":26,"minecraft:jump":158,"minecraft:time_since_death":988,"minecraft:walk_on_water_one_cm":196,"minecraft:total_world_time":10515,"minecraft:climb_one_cm":1956,"minecraft:fall_one_cm":2871},"minecraft:used":{"luminousworld:spuds":1,"friendsandfoes:totem_of_illusion":1,"minecraft:bread":1,"minecraft:spruce_planks":3,"minecraft:iron_sword":18,"minecraft:iron_chestplate":1,"alexsmobs:animal_dictionary":1,"minecraft:pumpkin":1},"minecraft:killed":{"minecraft:skeleton":1,"minecraft:illusioner":1},"minecraft:killed_by":{"undead_revamp2:therod":1,"minecraft:skeleton":1,"minecraft:illusioner":1},"minecraft:mined":{"minecraft:spruce_log":4,"minecraft:pumpkin":1,"luminousworld:spuds":1,"minecraft:spruce_leaves":4,"luminousworld:decorative_brown_2":1},"minecraft:crafted":{"minecraft:spruce_planks":12}},"DataVersion":3465}